Tom Scott,Ashens,Water Video
Ashens,Nerd Cubed,Advent Calender Series
Nerd Cubed,InTheLittleWood,Little Vs Cubed Series
InTheLittleWood,Sips,Yogscast
Sips,Tom Scott,Among Us
Sips,Limmy,Various Streams
Limmy,Nilsey,Twitch Mod
Nilsey,Sips,Yogscast
Nilsey,InTheLittleWood,Yogscast
Nilsey,Lewis Brindly,Yogscast
InTheLittleWood,Lewis Brindly,Yogscast
Sips,Lewis Brindly,Yogscast
Lewis Brindly,Antvenom,Christmas Livestream
Antvenom,CallMeCarson,SMP Live
CallMeCarson,Pokimane,Various Streams
Pokimane,PewDiePie,Among Us
PewDiePie,InTheLittleWood,Various Videos
Pokimane,Michael Reeves,Offline TV
Michael Reeves,PewDiePie,Among Us
Michael Reeves,IDubbbz,Abusive Robot Step Dad
Michael Reeves,William Osman,Lived Together
Michael Reeves,Tom Scott,Car Lag Video
William Osman,IDubbbz,Abusive Robot Step Dad
William Osman,Tom Scott, Car Lag Video
IDubbbz,PewDiePie,Asian Jake Paul
PewDiePie,Elon Musk,Meme Review
jschlatt,CallMeCarson,Friends
jschlatt,Pokimane,Various Streams
LilyPichu,Pokimane,Offline TV
LilyPichu,Michael Reeves,Offline TV
LilyPichu,PewDiePie,Among Us
Michael Reeves,CallMeCarson,We tried to rob youtubers
Michael Reeves,jschlatt,We tried to rob youtubers
PewDiePie,Filthy Frank,Dumbass gets PewDiePie tattoo
Filthy Frank,IDubbbz,Various Videos
Maxmoefoe,IDubbbz,Various Videos
Maxmoefoe,Michael Reeves,Cold ones
Maxmoefoe,PewDiePie,Various Videos
Maxmoefoe,InTheLittleWood,Draw my thing
jschlatt,PewDiePie,Minecraft Monday
CallMeCarson,PewDiePie,Minecraft Monday
LinusTechTips,PewDiePie,PC Build
twomad,LinusTechTips,PC Build
twomad,jschlatt,Various Streams
twomad,CallMeCarson,Various Streams
Aoc,Pokimane,Among Us
HassanAbi,Aoc,Among Us
HassanAbi,Pokimane,Among Us
